CREATE TABLE horario (
	ID  INTEGER PRIMARY KEY not NULL,
	curso int,
	materia int,
	diasem int,
	professor int,
	FOREIGN KEY (curso) REFERENCES curso(ID),
	FOREIGN KEY (materia) REFERENCES materia(ID),
	FOREIGN KEY (diasem) REFERENCES dia(ID),
	FOREIGN KEY (professor) REFERENCES professor(ID)
);


INSERT INTO horario VALUES
(1, 1, 1, 1, 1),
(2, 1, 2, 1, 2),
(3, 1, 3, 2, 3),
(4, 1, 4, 3, 4),
(5, 1, 5, 3, 5),
(6, 1, 5, 4, 5),
(7, 1, 6, 4, 6),
(8, 1, 7, 5, 7),
(9, 2, 8, 1, 5),
(10, 2, 9, 1, 8),
(11, 2, 10, 2, 9),
(12, 2, 11, 3, 10),
(13, 2, 12, 3, 11),
(14, 2, 8, 4, 5),
(15, 2, 13, 4, 2),
(16, 2, 14, 5, 12),
(17, 3, 15, 1, 13),
(18, 3, 16, 1, 7),
(19, 3, 17, 1, 14),
(20, 3, 18, 2, 15),
(21, 3, 19, 3, 6),
(22, 3, 20, 3, 12),
(23, 3, 21, 4, 16),
(24, 3, 17, 4, 14),
(25, 3, 22, 5, 17),
(26, 3, 16, 5, 7),
(27, 4, 23, 1, 7),
(28, 4, 24, 1, 18),
(29, 4, 25, 2, 19),
(30, 4, 26, 3, 20),
(31, 4, 27, 4, 18),
(32, 4, 23, 4, 7),
(33, 4, 28, 5, 13),
(34, 4, 29, 5, 17),
(35, 5, 30, 1, 21),
(36, 5, 31, 1, 22),
(37, 5, 32, 2, 23),
(38, 5, 33, 2, 24),
(39, 5, 30, 3, 21),
(40, 5, 34, 3, 25),
(41, 5, 35, 4, 20),
(42, 5, 36, 5, 14),
(43, 6, 37, 1, 26),
(44, 6, 38, 1, 14),
(45, 6, 39, 1, 27),
(46, 6, 40, 2, 18),
(47, 6, 41, 3, 28),
(48, 6, 42, 3, 22),
(49, 6, 38, 4, 14),
(50, 6, 43, 4, 20),
(51, 6, 44, 5, 29),
(52, 7, 45, 1, 30),
(53, 7, 29, 1, 30),
(54, 7, 47, 1, 9),
(55, 7, 2, 2, 2),
(56, 7, 48, 3, 31),
(57, 7, 6, 3, 6),
(58, 7, 49, 4, 7),
(59, 7, 4, 5, 4),
(60, 8, 50, 1, 32),
(61, 8, 51, 2, 18),
(62, 8, 52, 3, 2),
(63, 8, 53, 4, 33),
(64, 8, 12, 4, 11),
(65, 8, 54, 5, 34),
(66, 8, 55, 5, 35),
(67, 9, 56, 1, 25),
(68, 9, 57, 2, 36),
(69, 9, 58, 2, 23),
(70, 9, 19, 3, 6),
(71, 9, 59, 3, 37),
(72, 9, 60, 4, 38),
(73, 9, 61, 5, 39),
(74, 10, 62, 1, 39),
(75, 10, 26, 1, 11),
(76, 10, 63, 2, 33),
(77, 10, 64, 3, 40),
(78, 10, 65, 3, 39),
(79, 10, 66, 4, 4),
(80, 10, 67, 5, 18),
(81, 10, 68, 5, 27),
(82, 11, 69, 1, 40),
(83, 11, 70, 2, 33),
(84, 11, 26, 2, 20),
(85, 11, 41, 2, 28),
(86, 11, 71, 3, 44),
(87, 11, 72, 4, 24),
(88, 11, 73, 4, 38),
(89, 11, 74, 5, 32),
(90, 12, 75, 1, 26),
(91, 12, 76, 2, 8),
(92, 12, 26, 2, 20),
(93, 12, 77, 3, 42),
(94, 12, 78, 3, 39),
(95, 12, 79, 4, 32),
(96, 12, 80, 4, 33),
(97, 12, 81, 5, 43);

create table professor (
	ID PRIMARY KEY NOT NULL,
	nome varchar (20)
);

CREATE TABLE curso (
	ID  INTEGER PRIMARY KEY not NULL,
	curso varchar (20)
);

CREATE TABLE dia (
	ID INTEGER PRIMARY KEY NOT NULL,
	diasem varchar (12)
);

CREATE TABLE materia (
	ID INTEGER PRIMARY key NOT NULL,
	mat  varchar (12)
);

INSERT INTO dia VALUES
(1, 'segunda-feira'),
(2, 'terça-feira'),
(3, 'quarta-feira'),
(4, 'quinta-feira'),
(5, 'sexta-feira');

INSERT INTO curso VALUES 
(1, 'adsma1'),
(2, 'adsma2'),
(3, 'adsma3'),
(4, 'adsma4'),
(5, 'adsma5'),
(6, 'adsma6'),
(7, 'segma1'),
(8, 'segma2'),
(9, 'segma3'),
(10, 'segma4'),
(11, 'segma5'),
(12, 'segma6');


INSERT INTO professor VALUES
(1, 'MarceloA'),
(2, 'Edison'),
(3, 'Gondo'),
(4, 'Amorim'),
(5, 'Humberto'),
(6, 'Fernanda'),
(7, 'Viotti'),
(8, 'Adilson'),
(9, 'Raquel'),
(10, 'Ronny'),
(11, 'Margareth'),
(12, 'Sônia'),
(13, 'Floriano'),
(14, 'Gallão'),
(15, 'CláudiaO'),
(16, 'PauloR'),
(17, 'MárciaM'),
(18, 'A Definir'),
(19, 'Luiz'),
(20, 'Miguel'),
(21, 'Furlan'),
(22, 'Désiré'),
(23, 'Cláudio'),
(24, 'Edna'),
(25, 'Reinaldo'),
(26, 'Baitz'),
(27, 'Eliane'),
(28, 'Claudemir'),
(29, 'Kronig'),
(30, 'Alan'),
(31, 'Aletéia'),
(32, 'Labrada'),
(33, 'Cabrini'),
(34, 'Jacinto'),
(35, 'Tânia'),
(36, 'Everson'),
(37, 'Nicolas'),
(38, 'Longato'),
(39, 'Izar'),
(40, 'Nilton'),
(42, 'Lilian'),
(43, 'Ediney'),
(44, 'Rivaldo');

INSERT INTO materia VALUES 
(1, 'LabHard'),
(2, 'MatDisc'),
(3, 'AdmGeral'),
(4, 'AOC'),
(5, 'ProgMic'),
(6, 'Ing I'),
(7, 'AlgLP'),
(8, 'SistInform'),
(9, 'EngSoft I'),
(10, 'ComExpr'),
(11, 'LingProg'),
(12, 'Ing II'),
(13, 'Calc'),
(14, 'Contab'),
(15, 'IHC'),
(16, 'SO I'),
(17, 'EngSoft II'),
(18, 'EstatAplic'),
(19, 'Ing III'),
(20, 'EconFin'),
(21, 'EstrDados'),
(22, 'SocTecn'),
(23, 'ProgOO'),
(24, 'SO II'),
(25, 'BD'),
(26, 'Ing IV'),
(27, 'ProgScript'),
(28, 'EngSoft III'),
(29, 'MPCT'),
(30, 'LabEngSoft'),
(31, 'SistDistr'),
(32, 'Redes'),
(33, 'SegInfo'),
(34, 'ProgLin'),
(35, 'Ing V'),
(36, 'ProgMain'),
(37, 'EticaRP'),
(38, 'IA'),
(39, 'GestEquip'),
(40, 'GestProj'),
(41, 'Empreend'),
(42, 'TopEsplnf'),
(43, 'Ing VI'),
(44, 'GestGovTI'),
(45, 'PrincSeg'),
(47, 'ComExpr I'),
(48, 'FundTI'),
(49, 'Prog I'),
(50, 'SO'),
(51, 'Prog II'),
(52, 'CalcDI'),
(53, 'TecRedes'),
(54, 'DSPTI'),
(55, 'ComExpr II'),
(56, 'ProbEstat'),
(57, 'Cript'),
(58, 'LabAdmSO'),
(59, 'AdmSO'),
(60, 'ProtRot'),
(61, 'GETI'),
(62, 'GovTI'),
(63, 'PISRC'),
(64, 'AGRiscos'),
(65, 'PolitSeg'),
(66, 'InfraFisRC'),
(67, 'FundPerFor'),
(68, 'FatHumSI'),
(69, 'AuditSI'),
(70, 'ProjRedes'),
(71, 'GerRedes'),
(72, 'RIPCN'),
(73, 'PTG I'),
(74, 'SSORC I'),
(75, 'DEPSI'),
(76, 'SegBD'),
(77, 'PTG II'),
(78, 'GSI'),
(79, 'SSORC II'),
(80, 'EstAvSI'),
(81, 'FDWeb');

/////////////////////////////////////////////////////////////////////////
SELECT h.ID, c.curso, m.mat, d.diasem, p.nome as "Professor" FROM horario h
left join curso c on h.curso=c.ID
left join dia d on h.diasem=d.ID
left JOIN materia m on h.materia=m.ID
LEFT JOIN professor p on h.professor=p.ID;
